epoch,step,train_acc_step,train_loss_step
0,49,0.390625,2.016604423522949
0,99,0.59375,1.356703281402588
0,149,0.71875,0.9931803941726685
0,199,0.703125,0.8637924194335938
0,249,0.921875,0.3980162441730499
0,299,0.765625,0.7184665203094482
0,349,0.75,0.5615905523300171
0,399,0.875,0.5299363732337952
0,449,0.75,0.686176061630249
0,499,0.875,0.29277169704437256
0,549,0.84375,0.5132838487625122
0,599,0.84375,0.40191400051116943
